Grupo,Accion_sugerida,Producto,NombreTN,Codigo_local,Barcode_TN,SKU_TN,tnProductId,productId
A_TN_corrupto,TN=codigo_local,Bebe Nina o Nino Art 128 - Casita de muñeca,Bebe Nina o Nino Art 128 - Casita de muñeca,7798293841464,779829384164,,103354254,cbb18cf781539af6f985c305a46a80a4
A_TN_corrupto,TN=codigo_local,Cajitas creativas tateti - Masilina,Cajitas creativas tateti - Masilina,7798240200948,77982402200948,,184306154,6a4e8c46177ab87be8e4f09a4035907d
A_TN_corrupto,TN=codigo_local,Cartuchera canopla cristal perro - Chimola,Cartuchera canopla cristal perro - Chimola,7798218140542,778218140542,,249552035,239cc50efd4e0580a12f201ca024a23c
A_TN_corrupto,TN=codigo_local,Ciencia coqueta - Curiosos kits,Ciencia coqueta - Curiosos kits,7798275160088,779827516088,,140973667,d6ec50d6c2d3a1c06ead40039e016b29
A_TN_corrupto,TN=codigo_local,Ciencia el desafio de las preguntas - Alma,Ciencia el desafio de las preguntas - Alma,9788417430900,97884174309900,,263965393,c521aedbd9024e09cb566f8ff1fdec71
A_TN_corrupto,TN=codigo_local,Dibujalo - Bontus,Dibujalo - Bontus,7798155606118,77981556061118,,194663563,37672e888ff01a57729ed3ff7821649b
A_TN_corrupto,TN=codigo_local,El libro pequeños grandes artistas 2 - Granica,El libro pequeños grandes artistas 2 - Granica,9789878358895,978987358895,,263954550,ff4055bf1039c37de81f588d65cddd52
A_TN_corrupto,TN=codigo_local,El pensador - Boerr games,El pensador - Boerr games,07727030081781,0772703008781,,237709020,a94f820a3e06c521ec1456528fd1cd1f
A_TN_corrupto,TN=codigo_local,Helicoptero con ventosa y pull back - Colours,Helicoptero con ventosa y pull back - Colours,5993102262344,593102262344,26234,241409787,3abac55c4d9eab0712d850f9f57f2427
A_TN_corrupto,TN=codigo_local,Ideograma - Implas,Ideograma - Implas,7797756000264,779775000264,,46743252,f7e0aef660411604990c242b11a184a0
A_TN_corrupto,TN=codigo_local,Juliana - Mi primera tostadora sweet home,Juliana - Mi primera tostadora sweet home,7798360010052,779836001052,,71827927,46dedd82058130afd2b77d8e252c6508
A_TN_corrupto,TN=codigo_local,Lata magnetica animales inzebox - Djeco,Lata magnetica animales inzebox - Djeco,3070900030886,307090030886,,287044538,1eaf2e7f859fae593eedcf05b78c03c0
A_TN_corrupto,TN=codigo_local,Lunchera Lunchbox Perro - Chimola,Lunchera Lunchbox Perro - Chimola,7798218141945,77982181141945,,252145214,e53aa36117951fde4478952da110df03
A_TN_corrupto,TN=codigo_local,Puzzle Magnetico en lata de artista - Mieredu,Puzzle Magnetico en lata de artista - Mieredu,9352801000835,93522801000835,,267912979,9a79a36a551445c7c57b37327809079c
B_typo,verificar fisico,A las chapas - El dragon azul,A las chapas - El dragon azul,730170673972,730170673772,,332749158,7e36dce506128c2e075c33e0c3c3c188
B_typo,verificar fisico,Abremente 5-6 años - Catapulta,Abremente 5-6 años - Catapulta,9789876371025,9789876371032,,113167039,b48bb8bc2f870db2a21fe244eba805e8
B_typo,verificar fisico,Blocky House Dormitorio y baño,Blocky House Dormitorio y baño,7797336006440,7797336006402,,48868403,3b3778bd0c8a05aee70c85359647cabd
B_typo,verificar fisico,Botella termica 500 ML Rosa - Chimola,Botella termica 500 ML Rosa - Chimola,7798218147015,7798218147022,,294664021,47cc055acebea2db9996577b2ff32d3d
B_typo,verificar fisico,Carcassonne - Devir,Carcassonne - Devir,8436017222593,8436017222953,,282605187,712c88f547cf2c37145a186d3e2ee902
B_typo,verificar fisico,Cucharita y tenedor celeste silicona y m,Cucharita y tenedor celeste silicona y madera - Chin,2025080816615,2025080816585,,353319563,faf4bb2ab9a7e4cbf404ae6c27f56014
B_typo,verificar fisico,El libro de cuentos de adviento navidad - Capi cua,El libro de cuentos de adviento navidad - Capi cua,9786313001309,9786313001909,,311370703,10a4b62cec14112d3a0d66f747b51f2e
B_typo,verificar fisico,Enhebrado Granja- Classic world,Enhebrado Granja- Classic world,6927049004940,6927049004971,,103472639,fe06ddd8eb22d2dfb4b4a8a5cc577a9c
B_typo,verificar fisico,Jackpot 777 - Boerr games,Jackpot 777 - Boerr games,07727030081782,09727030081782,,237712850,b46be12deec6cf1f60cb9b575a606759
B_typo,verificar fisico,Juanito - Boerr games,Juanito - Boerr games,07727030081684,07727030081084,,237725222,827991ab2921e8ae49b1b866783ab48e
B_typo,verificar fisico,Juliana - Nadadora,Juliana - Nadadora,7798360016962,7798360016992,,313971104,278c19ae6384306fcde5d6fa0e425e4f
B_typo,verificar fisico,Littlest pet shop por 8 - Hasbro,Littlest pet shop por 8 - Hasbro,630509613816,630509613809,,126748772,d1186ae8881ba5adfa8a84fb757caf51
B_typo,verificar fisico,LOL OMG lounge Neonlicious,LOL OMG lounge Neonlicious,035051985679,35051985877,,179503735,ca51203a90b092bd788aa536894cec3b
B_typo,verificar fisico,LOL Surprise Hello Kitty,LOL Surprise Hello Kitty,035051503828,035051503835,,212155131,f161c45fd02447d454f502d59533635d
B_typo,verificar fisico,LOL Tweens Neon pop stars,LOL Tweens Neon pop stars Kitty,035051120667,35051120650,,275022278,e0bc1f81f9aef184ae67a084b175ce4d
B_typo,verificar fisico,Magic mixies caldero mediano Fizz potion,Magic mixies caldero mediano Fizz potion,630996148839,630996148822,,241518794,d8f612236ccc050e86de55675e2b07a2
B_typo,verificar fisico,Mascotas Actividades y Stickers Acolchaditos,Mascotas Actividades y Stickers Acolchaditos,9789878208176,9789878208183,3933,349455707,60d3bd06189b43ae634bd3b0333b0da0
B_typo,verificar fisico,Mi dia Mis primeras actividades arts y crafts - Manolito,Mi dia Mis primeras actividades arts y crafts - Manolito,9788419935373,9788419935397,,357041014,930da57fdad657f5974333ac009c6d0a
B_typo,verificar fisico,Mis primeras divisiones Matemagicas,Mis primeras divisiones Matemagicas,9789915680071,9789915680064,,243455549,35697fc4eac8580f229a7c497f59aa15
B_typo,verificar fisico,Mochila espalda gato 18'' - Chimola,Mochila espalda gato 18'' - Chimola,7798218139454,7798248139454,,251471716,c0c41e53a4c88b3917dd7f3c371b34da
B_typo,verificar fisico,Olympikos - Toyco,Olympikos - Toyco,7796785240023,7796785204023,,214786982,953721f4f5ec2622a3ac8cfdaf1fcbbd
B_typo,verificar fisico,Pandereta - Hape,Pandereta - Hape,6943478025233,6943478025033,,264254474,2735fadd486c6268ceadb5a74babf65e
B_typo,verificar fisico,Piloto de lluvia Racing Car L - Chimola,Piloto de lluvia Racing Car L - Chimola,7798218176190,7798218176183,,338651202,2483933b17310503721a79121594a04b
B_typo,verificar fisico,Pizarra atril doble cara 2 en 1 mar - Cu,Pizarra atril doble cara 2 en 1 mar - Cubeta,2025080815779,2025080815755,,353323826,33ea34d779b0494702a2d3c21b5894d2
B_typo,verificar fisico,Set de 4 figuras - Las pistas de blue,Set de 4 figuras - Las pistas de blue,886144497162,886144497179,,148940564,934e33dbd087524b1bb9aa46edd4cb8c
B_typo,verificar fisico,Smashers huevo Mini jurassic dinosaurio light up,Smashers huevo Mini jurassic dinosaurio light up,193052096838,193052966838,7855,342077942,628b146dd7496bd9ff9fe2280a35430c
B_typo,verificar fisico,Stickers de Tatuajes Joyas de Jeni - Djeco,Stickers de Tatuajes Joyas de Jeni - Djeco,3070900095861,3070900095878,DJ09587,287061798,0040bdc4d8c2df9d664e3249f810ce51
B_typo,verificar fisico,Super piso de goma eva - Kreker,Super piso de goma eva - Kreker,7797630002728,7791630002788,,105243286,09cd0b53986627261cec5dec221f7ea2
B_typo,verificar fisico,Supermina por 36 - Giotto,Supermina por 36 en lata - Giotto,8000825235917,8000825236907,,147169017,2e618336970785a633980e0172705d38
B_typo,verificar fisico,Taller de Moda by Marie - Djeco,Taller de Moda by Marie - Djeco,3070900093355,3073900093355,,313977295,4f6aaae428acbe8aa43484c3f2103aa2
B_typo,verificar fisico,Xilofon animales 8 teclas - Colours,Xilofon animales 8 teclas - Colours,5993102249148,5993102249147,24914,92717812,3aa38c17648b8a914f085fd62355e6d7
C_distinto,verificar fisico,101 mujeres extraordinarias que cambiaron la ciencia,101 mujeres extraordinarias que cambiaron la ciencia,9789877972986,978487751954,,128787376,674ce7c4b059b11011cd51d47ede93e9
C_distinto,verificar fisico,Atrapados Bolonki - CPT,Atrapados Bolonki - CPT,7798131120669,7798353021003,,63652153,1cf5aa9d09cb8b1a492a64572fb5235a
C_distinto,verificar fisico,Bebe mini vestido Art105D - Casita de muñecas,Bebe mini vestido Art105D - Casita de muñecas,7798293840399,7798293841440,,58909992,79c717ca3aa65abf303805d855a1a886
C_distinto,verificar fisico,Biblioteca de emociones El ovillo,Biblioteca de emociones El ovillo,9786313073320,25577,4405,349963406,85646932d829db182dc5cd798a6e0f8c
C_distinto,verificar fisico,Bloques magneticos 61 pcs - Dezhi,Bloques magneticos 61 pcs - Dezhi,6503314450393,7415485419101,,338756264,6801d734cabe5492dcc4acd8e2004fd4
C_distinto,verificar fisico,Bloques minecraft magneticos por 184 My world - Sol,Bloques minecraft magneticos por 184 My world - Sol,3118771788588,6953212251842,,332569503,998c1679979a0d3f807523b1d0ed7813
C_distinto,verificar fisico,Bluey - Cajita pack por 2,Bluey - Cajita pack por 2,630996176528,630996179741,,279428210,caa427209b5723d03c098f7251b33bc3
C_distinto,verificar fisico,Botella termica 500 ml tech - Chimola,Botella termica 500 ml tech - Chimola,7798218141846,813430369,,253965783,ba2ef282299c18f89d956345ac7e49f1
C_distinto,verificar fisico,Cartas las emociones - Barco de papel,Cartas las emociones - Barco de papel,726798275429,786071077461,786071077461,74196396,761ae19848e49df7b080962106d7d333
C_distinto,verificar fisico,Cubo actividad abejas - Classic world,Cubo actividad abejas - Classic world,6927049021923,7792621134747,20192,244385219,e3e1f70a5844d0a85a3eea8b85a5cd63
C_distinto,verificar fisico,Cubo magico 2 x 2 - Magic cube,Cubo magico 2 x 2 - Magic cube,7798393869900,7798236796059,,224728113,df665c3944f6da12a3debda1d67986cf
C_distinto,verificar fisico,Cubo magico 2 x 2 - Publi,Cubo magico 2 x 2 - Publi,7415485012647,7798236796059,,209421322,f0dac60357ed3833f9d4d1b5ea503f2a
C_distinto,verificar fisico,Cubo magico 4 x 4 - Magic cube,Cubo magico 4 x 4 - Magic cube,7798393869993,7798236796134,,107861287,0729d1e9e2c3a3c2dda85f803addc5ba
C_distinto,verificar fisico,Desafio - Bontus,Desafio - Bontus,7798155605272,77981556005227,,214900856,a0678abf448b8e7647da9b7a0f39d4d2
C_distinto,verificar fisico,Gimnasio Multisensorial con Móvil Musical y Luces - Taf toys,Gimnasio Multisensorial con Móvil Musical y Luces - Taf toys,605566134956,5993102262993,13495,277151256,cae12a5b58768cb7e2702f0c54bf328e
C_distinto,verificar fisico,Heladeria Sweet sprinkles - tokema,Heladeria Sweet sprinkles - tokema,062243510593,062243475700,bt1815z,310195299,059830cbf862a93d5f8396826e1f1b9a
C_distinto,verificar fisico,Hockey tejo de mesa - Cresko,Hockey tejo de mesa - Cresko,092626480649,7798393860747,,104765642,3dc97915691a267682778f2e271b9165
C_distinto,verificar fisico,Lamina de diamantes Zorro 21x30 - Nice Group,Lamina de diamantes Zorro 21x30 - Nice Group,8157870292877,8056779960214,,267080253,c75d33ea467646b2b885f61c13657ed3
C_distinto,verificar fisico,Libro de tela sensorial blanco y negro - Taf toys,Libro de tela sensorial blanco y negro - Taf toys,605566128757,55350051950,,277002619,3779aabe8dd86f0f1efab8eca27c58c4
C_distinto,verificar fisico,Magic mixies caldero con 1 figura,Magic mixies caldero con 2 figuras,630996148075,630996146644,,190985449,b72c6e0f8a40f707f5ccb2bdcf5b3fc1
C_distinto,verificar fisico,Mi delantal de chef - Ecolecua,Mi delantal de chef - Ecolecua,0727373040272,4508373040272,,126177107,4d20e8ab7e993f8c3856fca019d166d9
C_distinto,verificar fisico,"Mochila carro coneja 18"" - Chimola","Mochila carro coneja 18"" - Chimola",7798218139577,7798218163268,,249471030,b2a68391734f0faaf830d6d67165781f
C_distinto,verificar fisico,"Mochila dinosaurio 12"" - Chimola","Mochila dinosaurio 12"" - Chimola",7798218132875,7798218167389,,152806173,d7f1845ba3c3d7000adfd969fe3990fd
C_distinto,verificar fisico,"Mochila espalda perro 14"" - Chimola","Mochila espalda perro 14"" - Chimola",7798218139355,77982181139379,,253985253,42b9440b5fabe4fdc17b47067f134446
C_distinto,verificar fisico,Peluche muñeca de tela 35 cm - Phi Phi,Peluche muñeca de tela 35 cm - Phi Phi,7799035061010,7799035082633,6101,332310690,e0f33320638016525a172b08a48f5735
C_distinto,verificar fisico,Piso goma eva triangular rosa gris - Mul,Piso goma eva triangular rosa gris - Multieva,6920567932375,714604204930,,286047767,3c28eb4386c62406d3914d6956712955
C_distinto,verificar fisico,Puzzle libro magneticos 60 piezas - Tio vivo,Puzzle libro magneticos 60 piezas - Tio vivo,7798142813741,8281117,,243824139,b7d7810e413dd2d8431153f7d3c09571
C_distinto,verificar fisico,Rapunzel Princesas 35 cm - Tapimovil,Rapunzel Princesas 35 cm - Tapimovil,7794008378249,7794008190841,,283467424,ed464bb25bf21d1a6f3daf43463e3d5f
C_distinto,verificar fisico,Separando En Silabas - Implas,Separando En Silabas - Implas,7797756002480,7798183590267,,46850707,5e6830fec1098be8fe63097e7b10cc7f
C_distinto,verificar fisico,Set de ollas 3 en 1 - Winfun,Set de ollas 3 en 1 - Winfun,4895038540699,7895868540699,,224717332,c3d99a4deb7de969e429ea575d50249e
C_distinto,verificar fisico,Sonajero amariposa con mordillo refrigerante - Woody toys,Sonajero amariposa con mordillo refrigerante - Woody toys,818980010267,89800102,,186859321,8238508f910cd44688c8d2f298adc162
C_distinto,verificar fisico,Soy generoso - M4,Soy generoso - M4,9788466244626,6927049056413,,335484130,30535cef89ea0bb57ec4527724aa2fdf
C_distinto,verificar fisico,Spinners individual - Chin,Spinners individual - Chin,SP-B,092626423684,,239436627,04941fef1474441a609f6349810a6b39
C_distinto,verificar fisico,Stitch Sorpresa en caja - Sol,Stitch Sorpresa en caja - Sol,6931604349094,6954848722478,,276335358,7b01700e602c652240b8989c7e418e8e
C_distinto,verificar fisico,Valija de Arte full art set Frozen - Tapimovil,Valija de Arte full art set Frozen - Tapimovil,7794008079726,978978339436,,125372838,070689e8a088a60ec557560797b39776
C_distinto,verificar fisico,Valija pintando con numeros - Trabi,Valija pintando con numeros - Trabi,7790578111927,7790578011111,,239703891,8fb282811469f5f96886ff60855b369d
C_distinto,verificar fisico,Viaja conoce explora la tierra + puzzle,Viaja conoce explora la tierra + puzzle 200 - Manolito,9788410443044,9788410443396,,348282228,f7b90ff9c9879be1f573aca530369ab0
C_distinto,verificar fisico,Yoguis y yoguinis - Barco de papel,Yoguis y yoguinis - Barco de papel,786071076914,786071077416,,190964784,f7ae1eb9a5661447f0549084738d79b4